"categoria","nome","whatsapps_moveis","google","meta_ads","queries","ids","snippet"
"Direito de Transito","Postal Advogados","","https://www.google.com/search?q=Postal%20Advogados%20whatsapp%20instagram%20facebook","https://pt-br.facebook.com/ads/library/?active_status=active&ad_type=all&country=BR&is_targeted_country=false&media_type=all&q=Postal%20Advogados&search_type=keyword_unordered&sort_data[direction]=desc&sort_data[mode]=total_impressions","advogado detran cnh","","Enviar mensagem pelo WhatsApp ​ Ativo Identificação da biblioteca: 1532743031557336 Veiculação iniciada em 9 de jun de 2026 Plataformas ​ ​ Esse anúncio tem várias versões ​ Abrir menu suspenso ​ Ver detalhes do anúncio Postal Advogados Patrocinado Você recebeu notificação de suspensão ou cassação de CNH — ou já teve a habilitação suspensa ou cassada e não sabe se ainda dá para fazer algo? Nos dois casos, existe um caminho que precisa ser analisa"
"Direito de Transito","Sturmer Itapema - Recursos de Multas","","https://www.google.com/search?q=Sturmer%20Itapema%20-%20Recursos%20de%20Multas%20whatsapp%20instagram%20facebook","https://pt-br.facebook.com/ads/library/?active_status=active&ad_type=all&country=BR&is_targeted_country=false&media_type=all&q=Sturmer%20Itapema%20-%20Recursos%20de%20Multas&search_type=keyword_unordered&sort_data[direction]=desc&sort_data[mode]=total_impressions","multa autossuspensiva","","Advogado de Transito. Análise Gratuita, Solicite agora! ⭐⭐⭐⭐⭐ Enviar mensagem pelo WhatsApp ​ Ativo Identificação da biblioteca: 2302429003899836 Veiculação iniciada em 3 de jun de 2026 Plataformas ​ ​ ​ Abrir menu suspenso ​ Ver detalhes do anúncio Sturmer Itapema - Recursos de Multas Patrocinado Levou uma multa autossuspensiva a partir de 12/04/2021? ⚠️ Uma nova decisão pode mudar tudo para desbloquear a CNH de condutores de Santa Catarina. Cha"
"Direito de Transito","Recurso de Multas","","https://www.google.com/search?q=Recurso%20de%20Multas%20whatsapp%20instagram%20facebook","https://pt-br.facebook.com/ads/library/?active_status=active&ad_type=all&country=BR&is_targeted_country=false&media_type=all&q=Recurso%20de%20Multas&search_type=keyword_unordered&sort_data[direction]=desc&sort_data[mode]=total_impressions","defesa autuacao cnh","","​ Ativo Identificação da biblioteca: 1027429046900432 Veiculação iniciada em 9 de jun de 2026 Plataformas ​ ​ ​ ​ ​ Abrir menu suspenso ​ Ver detalhes do anúncio Recurso de Multas Patrocinado Muitas pessoas perdem o direito de recorrer simplesmente por não conhecer os prazos… e acabam arcando com multa + pontos na CNH. 📌 Entenda as etapas: 🔹 Defesa Prévia: 15 a 30 dias 🔹 Recurso à JARI: até 30 dias 🔹 Recurso ao CETRAN: até 30 dias ⚠️ Cada fas"
"Direito de Transito","MJ Recursos de Multas","","https://www.google.com/search?q=MJ%20Recursos%20de%20Multas%20whatsapp%20instagram%20facebook","https://pt-br.facebook.com/ads/library/?active_status=active&ad_type=all&country=BR&is_targeted_country=false&media_type=all&q=MJ%20Recursos%20de%20Multas&search_type=keyword_unordered&sort_data[direction]=desc&sort_data[mode]=total_impressions","defesa autuacao cnh","","Veiculação iniciada em 10 de jun de 2026 Plataformas ​ ​ ​ ​ ​ Esse anúncio tem várias versões ​ 5 anúncios usam esse criativo e esse texto Abrir menu suspenso ​ Ver resumo MJ Recursos de Multas Patrocinado 🚨 Recusou o teste do bafômetro e agora não sabe o que fazer? A preocupação é real: essa recusa pode suspender sua CNH por 12 meses e ainda te obrigar a fazer o curso de reciclagem. Mas o que muita gente não sabe é que você pode recorrer. Já a"
"Direito de Transito","Quality Multas","","https://www.google.com/search?q=Quality%20Multas%20whatsapp%20instagram%20facebook","https://pt-br.facebook.com/ads/library/?active_status=active&ad_type=all&country=BR&is_targeted_country=false&media_type=all&q=Quality%20Multas&search_type=keyword_unordered&sort_data[direction]=desc&sort_data[mode]=total_impressions","defesa autuacao cnh","","Converse conosco Digital Creator Enviar mensagem ​ Ativo Identificação da biblioteca: 1758240452011181 Veiculação iniciada em 15 de jun de 2026 Plataformas ​ ​ Abrir menu suspenso ​ Ver detalhes do anúncio Quality Multas Patrocinado 🚨 Algumas atitudes “comuns” no trânsito também geram multa! Andar com o braço pra fora da janela pode render:💰 R$ 130,16 de multa📍 4 pontos na CNH E para os motociclistas, pilotar sem as duas mãos no guidão é infra"
"Direito de Transito","AF Recurso De Multas","","https://www.google.com/search?q=AF%20Recurso%20De%20Multas%20whatsapp%20instagram%20facebook","https://pt-br.facebook.com/ads/library/?active_status=active&ad_type=all&country=BR&is_targeted_country=false&media_type=all&q=AF%20Recurso%20De%20Multas&search_type=keyword_unordered&sort_data[direction]=desc&sort_data[mode]=total_impressions","recurso multa velocidade","","Baixo volume de impressões ​ Identificação da biblioteca: 5056394144587194 Veiculação iniciada em 16 de jun de 2026 Plataformas ​ ​ ​ Impressões: <100 Abrir menu suspenso ​ Ver detalhes do anúncio AF Recurso De Multas Patrocinado 🚨 Começamos o mês com o pé na porta! Mais uma multa por excesso de velocidade anulada com sucesso. ✅ Defesa acolhida e processo baixado, garantindo o direito do condutor e evitando um prejuízo de R$ 880,41. Recebeu uma"
"Direito de Transito","Despachante SC","","https://www.google.com/search?q=Despachante%20SC%20whatsapp%20instagram%20facebook","https://pt-br.facebook.com/ads/library/?active_status=active&ad_type=all&country=BR&is_targeted_country=false&media_type=all&q=Despachante%20SC&search_type=keyword_unordered&sort_data[direction]=desc&sort_data[mode]=total_impressions","cnh suspensa recurso SE","","​ Ativo Identificação da biblioteca: 1580919079800317 Veiculação iniciada em 4 de mar de 2026 Plataformas ​ ​ ​ ​ ​ Abrir menu suspenso ​ Ver detalhes do anúncio Despachante SC Patrocinado Simplifique sua vida automotiva conosco! Clique no Botão abaixo e fale conosco!👇 0:00 / 0:00 API.WHATSAPP.COM O melhor Despachante da sua Região! ⭐⭐⭐⭐⭐ Enviar mensagem pelo WhatsApp Ver mais Status do sistema API da Biblioteca de AnúnciosSobre anúncios e uso d"
"Direito de Transito","RDA Assessoria","","https://www.google.com/search?q=RDA%20Assessoria%20whatsapp%20instagram%20facebook","https://pt-br.facebook.com/ads/library/?active_status=active&ad_type=all&country=BR&is_targeted_country=false&media_type=all&q=RDA%20Assessoria&search_type=keyword_unordered&sort_data[direction]=desc&sort_data[mode]=total_impressions","cnh cassada tem solu??o instagram whatsapp","","Instagram indexado: atua desde 2018 ajudando motoristas com CNH suspensa, cassada, bloqueada, Lei Seca e bafometro."
"Direito de Transito","FRS Advocacia","","https://www.google.com/search?q=FRS%20Advocacia%20whatsapp%20instagram%20facebook","https://pt-br.facebook.com/ads/library/?active_status=active&ad_type=all&country=BR&is_targeted_country=false&media_type=all&q=FRS%20Advocacia&search_type=keyword_unordered&sort_data[direction]=desc&sort_data[mode]=total_impressions","recusa bafometro advogado BSB","","Resultado indexado: se foi autuado por Lei Seca ou recusa do bafometro, cada detalhe do auto precisa ser analisado."
"Direito de Transito","Katia Coletti Advocacia","(44) 99942-6597","https://www.google.com/search?q=Katia%20Coletti%20Advocacia%20whatsapp%20instagram%20facebook","https://pt-br.facebook.com/ads/library/?active_status=active&ad_type=all&country=BR&is_targeted_country=false&media_type=all&q=Katia%20Coletti%20Advocacia&search_type=keyword_unordered&sort_data[direction]=desc&sort_data[mode]=total_impressions","recusa bafometro whatsapp","","Resultado indexado sobre recusa de bafometro e infra??o, com WhatsApp (44) 99942-6597."
"Direito de Transito","Anderson Mercês Advocacia","(71) 98399-2841","https://www.google.com/search?q=Anderson%20Merc%C3%AAs%20Advocacia%20whatsapp%20instagram%20facebook","https://pt-br.facebook.com/ads/library/?active_status=active&ad_type=all&country=BR&is_targeted_country=false&media_type=all&q=Anderson%20Merc%C3%AAs%20Advocacia&search_type=keyword_unordered&sort_data[direction]=desc&sort_data[mode]=total_impressions","cnh suspensa cassada Bahia whatsapp","","Instagram: advogado de tr?nsito, CNH suspensa/cassada, WhatsApp (71) 98399-2841."
"Direito de Transito","SÓ Multas Feira de Santana","(75) 99178-1105","https://www.google.com/search?q=S%C3%93%20Multas%20Feira%20de%20Santana%20whatsapp%20instagram%20facebook","https://pt-br.facebook.com/ads/library/?active_status=active&ad_type=all&country=BR&is_targeted_country=false&media_type=all&q=S%C3%93%20Multas%20Feira%20de%20Santana&search_type=keyword_unordered&sort_data[direction]=desc&sort_data[mode]=total_impressions","lei seca Feira de Santana whatsapp","","Instagram: especialistas em Lei Seca, defendemos seu direito de dirigir, an?lise gratuita (75) 99178-1105."
"Direito de Transito","Liberty Multas","(49) 99180-9750","https://www.google.com/search?q=Liberty%20Multas%20whatsapp%20instagram%20facebook","https://pt-br.facebook.com/ads/library/?active_status=active&ad_type=all&country=BR&is_targeted_country=false&media_type=all&q=Liberty%20Multas&search_type=keyword_unordered&sort_data[direction]=desc&sort_data[mode]=total_impressions","CNH suspensa cassada whatsapp","","Reel p?blico: CNH suspensa/cassada por multas de outra pessoa, chame pelo WhatsApp (49) 99180-9750."
"Direito de Transito","Cecchetto Advocacia & Consultoria Jurídica","","https://www.google.com/search?q=Cecchetto%20Advocacia%20%26%20Consultoria%20Jur%C3%ADdica%20whatsapp%20instagram%20facebook","https://pt-br.facebook.com/ads/library/?active_status=active&ad_type=all&country=BR&is_targeted_country=false&media_type=all&q=Cecchetto%20Advocacia%20%26%20Consultoria%20Jur%C3%ADdica&search_type=keyword_unordered&sort_data[direction]=desc&sort_data[mode]=total_impressions","suspensao cnh advogado whatsapp","","P?gina p?blica: Suspens?o de CNH, WhatsApp (47) 9 9162-4769."
"Direito de Transito","Torres Advocacia & Consultoria - Natal RN","","https://www.google.com/search?q=Torres%20Advocacia%20%26%20Consultoria%20-%20Natal%20RN%20whatsapp%20instagram%20facebook","https://pt-br.facebook.com/ads/library/?active_status=active&ad_type=all&country=BR&is_targeted_country=false&media_type=all&q=Torres%20Advocacia%20%26%20Consultoria%20-%20Natal%20RN&search_type=keyword_unordered&sort_data[direction]=desc&sort_data[mode]=total_impressions","advogado transito Natal RN","","P?gina p?blica: especialista em Direito de Tr?nsito em Natal/RN, recursos de multa, suspens?o e cassa??o de CNH, embriaguez ao volante."
"Direito de Transito","Maia Cavalcante Advocacia","","https://www.google.com/search?q=Maia%20Cavalcante%20Advocacia%20whatsapp%20instagram%20facebook","https://pt-br.facebook.com/ads/library/?active_status=active&ad_type=all&country=BR&is_targeted_country=false&media_type=all&q=Maia%20Cavalcante%20Advocacia&search_type=keyword_unordered&sort_data[direction]=desc&sort_data[mode]=total_impressions","especialista reverter processo suspens?o CNH Natal RN","","P?gina p?blica: escrit?rio de Direito de Tr?nsito especializado em excesso de pontos, recurso para CNH suspensa e multas que geram suspens?o, bafometro."
"Direito de Transito","DS Tr?nsito","","https://www.google.com/search?q=DS%20Tr%3Fnsito%20whatsapp%20instagram%20facebook","https://pt-br.facebook.com/ads/library/?active_status=active&ad_type=all&country=BR&is_targeted_country=false&media_type=all&q=DS%20Tr%3Fnsito&search_type=keyword_unordered&sort_data[direction]=desc&sort_data[mode]=total_impressions","advogado transito Recife cnh suspensa","","P?gina p?blica: advogado de tr?nsito, CNH suspensa, recursos de multas e bot?o WhatsApp."
"Direito Trabalhista","Wander Medeiros - Advogado do Empregado","","https://www.google.com/search?q=Wander%20Medeiros%20-%20Advogado%20do%20Empregado%20whatsapp%20instagram%20facebook","https://pt-br.facebook.com/ads/library/?active_status=active&ad_type=all&country=BR&is_targeted_country=false&media_type=all&q=Wander%20Medeiros%20-%20Advogado%20do%20Empregado&search_type=keyword_unordered&sort_data[direction]=desc&sort_data[mode]=total_impressions","advogado acidente do trabalho whatsapp","","Instagram: advogado de v?timas de acidentes de trabalho, parcerias com advogados em todo o Brasil."
"Direito Trabalhista","Bocchi Advogados","","https://www.google.com/search?q=Bocchi%20Advogados%20whatsapp%20instagram%20facebook","https://pt-br.facebook.com/ads/library/?active_status=active&ad_type=all&country=BR&is_targeted_country=false&media_type=all&q=Bocchi%20Advogados&search_type=keyword_unordered&sort_data[direction]=desc&sort_data[mode]=total_impressions","rescisao indireta advogado whatsapp","","Reel p?blico recente sobre rescis?o indireta e direito trabalhista."
"Direito Trabalhista","Rodrigo Rezende Advogado","","https://www.google.com/search?q=Rodrigo%20Rezende%20Advogado%20whatsapp%20instagram%20facebook","https://pt-br.facebook.com/ads/library/?active_status=active&ad_type=all&country=BR&is_targeted_country=false&media_type=all&q=Rodrigo%20Rezende%20Advogado&search_type=keyword_unordered&sort_data[direction]=desc&sort_data[mode]=total_impressions","rescisao indireta advogado","","Reel p?blico sobre irregularidades em rela??es de trabalho e a??o trabalhista."
"Direito Trabalhista","Ramon Lopes Advocacia","","https://www.google.com/search?q=Ramon%20Lopes%20Advocacia%20whatsapp%20instagram%20facebook","https://pt-br.facebook.com/ads/library/?active_status=active&ad_type=all&country=BR&is_targeted_country=false&media_type=all&q=Ramon%20Lopes%20Advocacia&search_type=keyword_unordered&sort_data[direction]=desc&sort_data[mode]=total_impressions","advogado especialista acidente de trabalho","","P?gina p?blica: advogado especialista em acidente de trabalho; agendamento pelo WhatsApp."
"Direito Trabalhista","Mattozo Advocacia","","https://www.google.com/search?q=Mattozo%20Advocacia%20whatsapp%20instagram%20facebook","https://pt-br.facebook.com/ads/library/?active_status=active&ad_type=all&country=BR&is_targeted_country=false&media_type=all&q=Mattozo%20Advocacia&search_type=keyword_unordered&sort_data[direction]=desc&sort_data[mode]=total_impressions","advogado trabalhista Salvador rescisao indireta whatsapp","","P?gina p?blica: advogado trabalhista em Salvador/BA pelo WhatsApp, rescis?o indireta, horas extras, FGTS, ass?dio moral e acidente de trabalho."
"Direito Trabalhista","Dr. Cristiano Ara?jo","","https://www.google.com/search?q=Dr.%20Cristiano%20Ara%3Fjo%20whatsapp%20instagram%20facebook","https://pt-br.facebook.com/ads/library/?active_status=active&ad_type=all&country=BR&is_targeted_country=false&media_type=all&q=Dr.%20Cristiano%20Ara%3Fjo&search_type=keyword_unordered&sort_data[direction]=desc&sort_data[mode]=total_impressions","advogado acidente trabalho Bahia whatsapp","","Site: advogado especialista em Direito Trabalhista, Acidente do Trabalho e Previdenci?rio em Itabuna e toda Bahia."
"Direito Trabalhista","Vilarouca Advocacia","","https://www.google.com/search?q=Vilarouca%20Advocacia%20whatsapp%20instagram%20facebook","https://pt-br.facebook.com/ads/library/?active_status=active&ad_type=all&country=BR&is_targeted_country=false&media_type=all&q=Vilarouca%20Advocacia&search_type=keyword_unordered&sort_data[direction]=desc&sort_data[mode]=total_impressions","advogado trabalhista Amazonas whatsapp","","P?gina p?blica: Advogado Trabalhista no Amazonas, OAB A1292 AM, fale com especialista agora, WhatsApp."
"Direito Trabalhista","Pontes Marinho Advocacia Trabalhista","(81) 99329-1296","https://www.google.com/search?q=Pontes%20Marinho%20Advocacia%20Trabalhista%20whatsapp%20instagram%20facebook","https://pt-br.facebook.com/ads/library/?active_status=active&ad_type=all&country=BR&is_targeted_country=false&media_type=all&q=Pontes%20Marinho%20Advocacia%20Trabalhista&search_type=keyword_unordered&sort_data[direction]=desc&sort_data[mode]=total_impressions","advogado trabalhista Recife whatsapp","","P?gina p?blica trabalhista em Recife com consulta online e Cel: 81 99329.1296."
"Direito Trabalhista","S?rgio R?gis Advogados","","https://www.google.com/search?q=S%3Frgio%20R%3Fgis%20Advogados%20whatsapp%20instagram%20facebook","https://pt-br.facebook.com/ads/library/?active_status=active&ad_type=all&country=BR&is_targeted_country=false&media_type=all&q=S%3Frgio%20R%3Fgis%20Advogados&search_type=keyword_unordered&sort_data[direction]=desc&sort_data[mode]=total_impressions","advogado trabalhista Salvador BA whatsapp","","Site p?blico: advogado trabalhista em Salvador; menciona plant?o no WhatsApp e endere?o em Caminho das ?rvores."
"Direito Trabalhista","VLV Advogados - Trabalhista Salvador","","https://www.google.com/search?q=VLV%20Advogados%20-%20Trabalhista%20Salvador%20whatsapp%20instagram%20facebook","https://pt-br.facebook.com/ads/library/?active_status=active&ad_type=all&country=BR&is_targeted_country=false&media_type=all&q=VLV%20Advogados%20-%20Trabalhista%20Salvador&search_type=keyword_unordered&sort_data[direction]=desc&sort_data[mode]=total_impressions","advogado trabalhista Salvador acidente trabalho","","P?gina p?blica: advogado trabalhista Salvador, acidente de trabalho, indeniza??es e WhatsApp."
"Acidente de Transito","DF Assessoria em DPVAT","","https://www.google.com/search?q=DF%20Assessoria%20em%20DPVAT%20whatsapp%20instagram%20facebook","https://pt-br.facebook.com/ads/library/?active_status=active&ad_type=all&country=BR&is_targeted_country=false&media_type=all&q=DF%20Assessoria%20em%20DPVAT&search_type=keyword_unordered&sort_data[direction]=desc&sort_data[mode]=total_impressions","dpvat advogado Tocantins whatsapp","","Instagram indexado: assessoria em DPVAT, an?lise do caso e orienta??o no processo. Snippet menciona WhatsApp, mas n?mero ficou truncado."
"Acidente de Transito","Jo?o Italo Pompeu Advocacia","","https://www.google.com/search?q=Jo%3Fo%20Italo%20Pompeu%20Advocacia%20whatsapp%20instagram%20facebook","https://pt-br.facebook.com/ads/library/?active_status=active&ad_type=all&country=BR&is_targeted_country=false&media_type=all&q=Jo%3Fo%20Italo%20Pompeu%20Advocacia&search_type=keyword_unordered&sort_data[direction]=desc&sort_data[mode]=total_impressions","indenizacao acidente de transito","","An?ncio Meta: acidente de tr?nsito, trabalho ou dom?stico com sequela e poss?vel benef?cio indenizat?rio mensal."
"Acidente de Transito","Glauciane Men?rio - Advogada","","https://www.google.com/search?q=Glauciane%20Men%3Frio%20-%20Advogada%20whatsapp%20instagram%20facebook","https://pt-br.facebook.com/ads/library/?active_status=active&ad_type=all&country=BR&is_targeted_country=false&media_type=all&q=Glauciane%20Men%3Frio%20-%20Advogada&search_type=keyword_unordered&sort_data[direction]=desc&sort_data[mode]=total_impressions","indenizacao acidente de transito","","An?ncio Meta: les?o no joelho, acidente de trabalho/tr?nsito, DPVAT e aux?lio-acidente."